"rank","first","last","Pos","Team","year","init_rank"
1,"antonio","brown","WR","PIT",2016,1
2,"odell","beckham","WR","NYG",2016,2
3,"adrian","peterson","RB","MIN",2016,1
4,"julio","jones","WR","ATL",2016,3
5,"todd","gurley","RB","LA",2016,2
6,"ezekiel","elliott","RB","DAL",2016,3
7,"deandre","hopkins","WR","HOU",2016,4
8,"david","johnson","RB","ARI",2016,4
9,"devonta","freeman","RB","ATL",2016,5
10,"a.j.","green","WR","CIN",2016,5
11,"rob","gronkowski","TE","NE",2016,1
12,"le'veon","bell","RB","PIT",2016,6
13,"allen","robinson","WR","JAC",2016,6
14,"lamar","miller","RB","HOU",2016,7
15,"dez","bryant","WR","DAL",2016,7
16,"doug","martin","RB","TB",2016,8
17,"jordy","nelson","WR","GB",2016,8
18,"mark","ingram","RB","NO",2016,9
19,"brandon","marshall","WR","NYJ",2016,9
20,"eddie","lacy","RB","GB",2016,10
21,"alshon","jeffery","WR","CHI",2016,10
22,"lesean","mccoy","RB","BUF",2016,11
23,"mike","evans","WR","TB",2016,11
24,"sammy","watkins","WR","BUF",2016,12
25,"jonathan","stewart","RB","CAR",2016,12
26,"brandin","cooks","WR","NO",2016,13
27,"carlos","hyde","RB","SF",2016,13
28,"jordan","reed","TE","WAS",2016,2
29,"amari","cooper","WR","OAK",2016,14
30,"demaryius","thomas","WR","DEN",2016,15
31,"keenan","allen","WR","SD",2016,16
32,"c.j.","anderson","RB","DEN",2016,14
33,"jamaal","charles","RB","KC",2016,15
34,"thomas","rawls","RB","SEA",2016,16
35,"cam","newton","QB","CAR",2016,1
36,"t.y.","hilton","WR","IND",2016,17
37,"julian","edelman","WR","NE",2016,18
38,"doug","baldwin","WR","SEA",2016,19
39,"jarvis","landry","WR","MIA",2016,20
40,"matt","forte","RB","NYJ",2016,17
41,"jeremy","hill","RB","CIN",2016,18
42,"jeremy","maclin","WR","KC",2016,21
43,"randall","cobb","WR","GB",2016,22
44,"eric","decker","WR","NYJ",2016,23
45,"golden","tate","WR","DET",2016,24
46,"donte","moncrief","WR","IND",2016,25
47,"emmanuel","sanders","WR","DEN",2016,26
48,"greg","olsen","TE","CAR",2016,3
49,"aaron","rodgers","QB","GB",2016,2
50,"russell","wilson","QB","SEA",2016,3
51,"kelvin","benjamin","WR","CAR",2016,27
52,"michael","floyd","WR","ARI",2016,28
53,"larry","fitzgerald","WR","ARI",2016,29
54,"john","brown","WR","ARI",2016,30
55,"latavius","murray","RB","OAK",2016,19
56,"ryan","mathews","RB","PHI",2016,20
57,"demarco","murray","RB","TEN",2016,21
58,"jeremy","langford","RB","CHI",2016,22
59,"matt","jones","RB","WAS",2016,23
60,"delanie","walker","TE","TEN",2016,4
61,"andrew","luck","QB","IND",2016,4
62,"melvin","gordon","RB","SD",2016,24
63,"duke","johnson","RB","CLE",2016,25
64,"danny","woodhead","RB","SD",2016,26
65,"frank","gore","RB","IND",2016,27
66,"rashad","jennings","RB","NYG",2016,28
67,"t.j.","yeldon","RB","JAC",2016,29
68,"drew","brees","QB","NO",2016,5
69,"ben","roethlisberger","QB","PIT",2016,6
70,"jordan","matthews","WR","PHI",2016,31
71,"desean","jackson","WR","WAS",2016,32
72,"marvin","jones","WR","DET",2016,33
73,"giovani","bernard","RB","CIN",2016,30
74,"arian","foster","RB","MIA",2016,31
75,"ameer","abdullah","RB","DET",2016,32
76,"chris","ivory","RB","JAC",2016,33
77,"derrick","henry","RB","TEN",2016,34
78,"carson","palmer","QB","ARI",2016,7
79,"tom","brady","QB","NE",2016,8
80,"allen","hurns","WR","JAC",2016,34
81,"michael","crabtree","WR","OAK",2016,35
82,"devante","parker","WR","MIA",2016,36
83,"tyler","lockett","WR","SEA",2016,37
84,"kevin","white","WR","CHI",2016,38
85,"sterling","shepard","WR","NYG",2016,39
86,"torrey","smith","WR","SF",2016,40
87,"stefon","diggs","WR","MIN",2016,41
88,"eli","manning","QB","NYG",2016,9
89,"blake","bortles","QB","JAC",2016,10
90,"philip","rivers","QB","SD",2016,11
91,"travis","kelce","TE","KC",2016,5
92,"coby","fleener","TE","NO",2016,6
93,"tyler","eifert","TE","CIN",2016,7
94,"deangelo","williams","RB","PIT",2016,35
95,"bilal","powell","RB","NYJ",2016,36
96,"josh","gordon","WR","CLE",2016,42
97,"willie","snead","WR","NO",2016,43
98,"vincent","jackson","WR","TB",2016,44
99,"tavon","austin","WR","LA",2016,45
100,"jay","ajayi","RB","MIA",2016,37
101,"devin","funchess","WR","CAR",2016,46
102,"theo","riddick","RB","DET",2016,38
103,"charles","sims","RB","TB",2016,39
104,"isaiah","crowell","RB","CLE",2016,40
105,"james","starks","RB","GB",2016,41
106,"legarrette","blount","RB","NE",2016,42
107,"spencer","ware","RB","KC",2016,43
108,"terrance","west","RB","BAL",2016,44
109,"gary","barnidge","TE","CLE",2016,8
110,"zach","ertz","TE","PHI",2016,9
111,"antonio","gates","TE","SD",2016,10
112,"corey","coleman","WR","CLE",2016,47
113,"travis","benjamin","WR","SD",2016,48
114,"michael","thomas","WR","NO",2016,49
115,"will","fuller","WR","HOU",2016,50
116,"tajae","sharpe","WR","TEN",2016,51
117,"mike","wallace","WR","BAL",2016,52
118,"mohamed","sanu","WR","ATL",2016,53
119,"phillip","dorsett","WR","IND",2016,54
120,"chris","hogan","WR","NE",2016,55
121,"steve","smith","WR","BAL",2016,56
122,"tyler","boyd","WR","CIN",2016,57
123,"tevin","coleman","RB","ATL",2016,45
124,"devontae","booker","RB","DEN",2016,46
125,"darren","sproles","RB","PHI",2016,47
126,"james","white","RB","NE",2016,48
127,"markus","wheaton","WR","PIT",2016,58
128,"kenny","stills","WR","MIA",2016,59
129,"jerick","mckinnon","RB","MIN",2016,49
130,"christine","michael","RB","SEA",2016,50
131,"tyrod","taylor","QB","BUF",2016,12
132,"kirk","cousins","QB","WAS",2016,13
133,"derek","carr","QB","OAK",2016,14
134,"marcus","mariota","QB","TEN",2016,15
135,"kenneth","dixon","RB","BAL",2016,51
136,"julius","thomas","TE","JAC",2016,11
137,"zach","miller","TE","CHI",2016,12
138,"martellus","bennett","TE","NE",2016,13
139,"jimmy","graham","TE","SEA",2016,14
140,"eric","ebron","TE","DET",2016,15
148,"stephen","gostkowski","K","NE",2016,1
152,"steven","hauschka","K","SEA",2016,2
153,"dan","bailey","K","DAL",2016,3
154,"justin","tucker","K","BAL",2016,4
155,"adam","vinatieri","K","IND",2016,5
156,"mason","crosby","K","GB",2016,6
157,"graham","gano","K","CAR",2016,7
158,"blair","walsh","K","MIN",2016,8
159,"chandler","catanzaro","K","ARI",2016,9
160,"matt","prater","K","DET",2016,10
161,"alfred","morris","RB","DAL",2016,52
162,"shane","vereen","RB","NYG",2016,53
163,"javorius","allen","RB","BAL",2016,54
164,"chris","thompson","RB","WAS",2016,55
165,"kamar","aiken","WR","BAL",2016,60
166,"terrelle","pryor","WR","CLE",2016,61
167,"breshad","perriman","WR","BAL",2016,62
168,"eli","rogers","WR","PIT",2016,63
169,"matthew","stafford","QB","DET",2016,16
170,"andy","dalton","QB","CIN",2016,17
171,"jameis","winston","QB","TB",2016,18
172,"deandre","washington","RB","OAK",2016,56
173,"charcandrick","west","RB","KC",2016,57
174,"jason","witten","TE","DAL",2016,16
175,"dwayne","allen","TE","IND",2016,17
176,"c.j.","spiller","RB","NO",2016,58
177,"shaun","draughn","RB","SF",2016,59
178,"tim","hightower","RB","NO",2016,60
179,"dorial","green-beckham","WR","PHI",2016,64
180,"rishard","matthews","WR","TEN",2016,65
181,"pierre","garcon","WR","WAS",2016,66
182,"terrance","williams","WR","DAL",2016,67
183,"anquan","boldin","WR","DET",2016,68
184,"ka'deem","carey","RB","CHI",2016,61
185,"kenny","britt","WR","LA",2016,69
186,"laquon","treadwell","WR","MIN",2016,70
187,"chris","conley","WR","KC",2016,71
188,"charles","clay","TE","BUF",2016,18
191,"roberto","aguayo","K","TB",2016,11
192,"chris","boswell","K","PIT",2016,12
193,"ryan","fitzpatrick","QB","NYJ",2016,19
194,"ryan","tannehill","QB","MIA",2016,20
195,"matt","ryan","QB","ATL",2016,21
196,"braxton","miller","WR","HOU",2016,72
197,"clive","walford","TE","OAK",2016,19
198,"ted","ginn","WR","CAR",2016,73
199,"jordan","howard","RB","CHI",2016,62
200,"chris","johnson","RB","ARI",2016,63
201,"justin","forsett","RB","BAL",2016,64
202,"c.j.","prosise","RB","SEA",2016,65
203,"robert","kelley","RB","WAS",2016,66
204,"reggie","bush","RB","BUF",2016,67
205,"benjamin","cunningham","RB","LA",2016,68
206,"cameron","artis-payne","RB","CAR",2016,69
207,"lance","dunbar","RB","DAL",2016,70
208,"orleans","darkwa","RB","NYG",2016,71
209,"jared","cook","TE","GB",2016,20
210,"austin","seferian-jenkins","TE","TB",2016,21
211,"jamison","crowder","WR","WAS",2016,74
212,"josh","doctson","WR","WAS",2016,75
213,"sammie","coates","WR","PIT",2016,76
214,"nelson","agholor","WR","PHI",2016,77
215,"jaelen","strong","WR","HOU",2016,78
216,"davante","adams","WR","GB",2016,79
217,"charles","johnson","WR","MIN",2016,80
218,"tyrell","williams","WR","SD",2016,81
219,"kendall","wright","WR","TEN",2016,82
220,"malcolm","mitchell","WR","NE",2016,83
223,"cairo","santos","K","KC",2016,13
224,"brandon","mcmanus","K","DEN",2016,14
225,"brock","osweiler","QB","HOU",2016,22
226,"joe","flacco","QB","BAL",2016,23
227,"jordan","cameron","TE","MIA",2016,22
228,"victor","cruz","WR","NYG",2016,84
229,"quinton","patton","WR","SF",2016,85
230,"brandon","lafell","WR","CIN",2016,86
231,"jermaine","kearse","WR","SEA",2016,87
232,"robert","woods","WR","BUF",2016,88
233,"seth","roberts","WR","OAK",2016,89
234,"marqise","lee","WR","JAC",2016,90
235,"mike","gillislee","RB","BUF",2016,72
236,"d.j.","foster","RB","NE",2016,73
237,"wendell","smallwood","RB","PHI",2016,74
238,"tyler","ervin","RB","HOU",2016,75
239,"paul","perkins","RB","NYG",2016,76
240,"dion","lewis","RB","NE",2016,77
241,"kenyan","drake","RB","MIA",2016,78
242,"zach","zenner","RB","DET",2016,79
243,"jay","cutler","QB","CHI",2016,24
244,"kyle","rudolph","TE","MIN",2016,23
245,"jesse","james","TE","PIT",2016,24
246,"robert","turbin","RB","IND",2016,80
247,"andre","ellington","RB","ARI",2016,81
248,"kenjon","barner","RB","PHI",2016,82
249,"j.j.","nelson","WR","ARI",2016,91
250,"rod","streater","WR","SF",2016,92
251,"quincy","enunwa","WR","NYJ",2016,93
252,"eddie","royal","WR","CHI",2016,94
255,"matt","bryant","K","ATL",2016,15
256,"nick","novak","K","HOU",2016,16
257,"virgil","green","TE","DEN",2016,25
258,"vance","mcdonald","TE","SF",2016,26
259,"crockett","gillmore","TE","BAL",2016,27
260,"robert","griffin","QB","CLE",2016,25
261,"alex","smith","QB","KC",2016,26
262,"adam","humphries","WR","TB",2016,95
263,"jared","abbrederis","WR","GB",2016,96
264,"larry","donnell","TE","NYG",2016,28
265,"will","tye","TE","NYG",2016,29
266,"carson","wentz","QB","PHI",2016,27
267,"dak","prescott","QB","DAL",2016,28
268,"sam","bradford","QB","MIN",2016,29
269,"trevor","siemian","QB","DEN",2016,30
270,"blaine","gabbert","QB","SF",2016,31
271,"ty","montgomery","WR","GB",2016,97
272,"albert","wilson","WR","KC",2016,98
273,"cole","beasley","WR","DAL",2016,99
274,"andre","johnson","WR","TEN",2016,100
275,"leonte","carroo","WR","MIA",2016,101
276,"malcolm","brown","RB","LA",2016,83
277,"alfred","blue","RB","HOU",2016,84
278,"brandon","bolden","RB","NE",2016,85
279,"josh","ferguson","RB","IND",2016,86
280,"antonio","andrews","RB","TEN",2016,87
281,"mike","davis","RB","SF",2016,88
282,"fozzy","whittaker","RB","CAR",2016,89
283,"fitzgerald","toussaint","RB","PIT",2016,90
284,"jonathan","williams","RB","BUF",2016,91
287,"dan","carpenter","K","BUF",2016,17
288,"mike","nugent","K","CIN",2016,18
289,"maxx","williams","TE","BAL",2016,30
290,"ladarius","green","TE","PIT",2016,31
291,"jacob","tamme","TE","ATL",2016,32
292,"cameron","brate","TE","TB",2016,33
293,"tyler","higbee","TE","LA",2016,34
294,"pharoh","cooper","WR","LA",2016,102
295,"adam","thielen","WR","MIN",2016,103
296,"tony","romo","QB","DAL",2016,32
1,"david","johnson","RB","ARI",2017,1
2,"le'veon","bell","RB","PIT",2017,2
3,"antonio","brown","WR","PIT",2017,1
4,"ezekiel","elliott","RB","DAL",2017,3
5,"odell","beckham","WR","NYG",2017,2
6,"julio","jones","WR","ATL",2017,3
7,"jordy","nelson","WR","GB",2017,4
8,"mike","evans","WR","TB",2017,5
9,"lesean","mccoy","RB","BUF",2017,4
10,"a.j.","green","WR","CIN",2017,6
11,"michael","thomas","WR","NO",2017,7
12,"devonta","freeman","RB","ATL",2017,5
13,"melvin","gordon","RB","LAC",2017,6
14,"brandin","cooks","WR","NE",2017,8
15,"jordan","howard","RB","CHI",2017,7
16,"demarco","murray","RB","TEN",2017,8
17,"doug","baldwin","WR","SEA",2017,9
18,"jay","ajayi","RB","MIA",2017,9
19,"todd","gurley","RB","LAR",2017,10
20,"amari","cooper","WR","OAK",2017,10
21,"t.y.","hilton","WR","IND",2017,11
22,"rob","gronkowski","TE","NE",2017,1
23,"dez","bryant","WR","DAL",2017,12
24,"leonard","fournette","RB","JAC",2017,11
25,"demaryius","thomas","WR","DEN",2017,13
26,"terrelle","pryor","WR","WAS",2017,14
27,"lamar","miller","RB","HOU",2017,12
28,"deandre","hopkins","WR","HOU",2017,15
29,"alshon","jeffery","WR","PHI",2017,16
30,"isaiah","crowell","RB","CLE",2017,13
31,"michael","crabtree","WR","OAK",2017,17
32,"kareem","hunt","RB","KC",2017,14
33,"keenan","allen","WR","LAC",2017,18
34,"golden","tate","WR","DET",2017,19
35,"christian","mccaffrey","RB","CAR",2017,15
36,"carlos","hyde","RB","SF",2017,16
37,"larry","fitzgerald","WR","ARI",2017,20
38,"marshawn","lynch","RB","OAK",2017,17
39,"ty","montgomery","RB","GB",2017,18
40,"jordan","reed","TE","WAS",2017,2
41,"dalvin","cook","RB","MIN",2017,19
42,"davante","adams","WR","GB",2017,21
43,"emmanuel","sanders","WR","DEN",2017,22
44,"tom","brady","QB","NE",2017,1
45,"aaron","rodgers","QB","GB",2017,2
46,"jarvis","landry","WR","MIA",2017,23
47,"kelvin","benjamin","WR","CAR",2017,24
48,"travis","kelce","TE","KC",2017,3
49,"jamison","crowder","WR","WAS",2017,25
50,"bilal","powell","RB","NYJ",2017,20
51,"danny","woodhead","RB","BAL",2017,21
52,"allen","robinson","WR","JAC",2017,26
53,"tyreek","hill","WR","KC",2017,27
54,"joe","mixon","RB","CIN",2017,22
55,"greg","olsen","TE","CAR",2017,4
56,"sammy","watkins","WR","LAR",2017,28
57,"drew","brees","QB","NO",2017,3
58,"martavis","bryant","WR","PIT",2017,29
59,"pierre","garcon","WR","SF",2017,30
60,"stefon","diggs","WR","MIN",2017,31
61,"mark","ingram","RB","NO",2017,23
62,"frank","gore","RB","IND",2017,24
63,"brandon","marshall","WR","NYG",2017,32
64,"devante","parker","WR","MIA",2017,33
65,"theo","riddick","RB","DET",2017,25
66,"adrian","peterson","RB","NO",2017,26
67,"matt","ryan","QB","ATL",2017,4
68,"c.j.","anderson","RB","DEN",2017,27
69,"rob","kelley","RB","WAS",2017,28
70,"ameer","abdullah","RB","DET",2017,29
71,"jeremy","maclin","WR","BAL",2017,34
72,"paul","perkins","RB","NYG",2017,30
73,"mike","gillislee","RB","NE",2017,31
74,"eric","decker","WR","TEN",2017,35
75,"desean","jackson","WR","TB",2017,36
76,"terrance","west","RB","BAL",2017,32
77,"duke","johnson","RB","CLE",2017,33
78,"jimmy","graham","TE","SEA",2017,5
79,"russell","wilson","QB","SEA",2017,5
80,"mike","wallace","WR","BAL",2017,37
81,"adam","thielen","WR","MIN",2017,38
82,"tevin","coleman","RB","ATL",2017,34
83,"donte","moncrief","WR","IND",2017,39
84,"kenny","britt","WR","CLE",2017,40
85,"matt","forte","RB","NYJ",2017,35
86,"chris","hogan","WR","NE",2017,41
87,"delanie","walker","TE","TEN",2017,6
88,"kyle","rudolph","TE","MIN",2017,7
89,"tyrell","williams","WR","LAC",2017,42
90,"cam","newton","QB","CAR",2017,6
91,"kirk","cousins","QB","WAS",2017,7
92,"james","white","RB","NE",2017,36
93,"doug","martin","RB","TB",2017,37
94,"eddie","lacy","RB","SEA",2017,38
95,"willie","snead","WR","NO",2017,43
96,"zach","ertz","TE","PHI",2017,8
97,"jonathan","stewart","RB","CAR",2017,39
98,"rishard","matthews","WR","TEN",2017,44
99,"legarrette","blount","RB","PHI",2017,40
100,"randall","cobb","WR","GB",2017,45
101,"darren","sproles","RB","PHI",2017,41
102,"zay","jones","WR","BUF",2017,46
103,"thomas","rawls","RB","SEA",2017,42
104,"giovani","bernard","RB","CIN",2017,43
105,"dak","prescott","QB","DAL",2017,8
106,"c.j.","prosise","RB","SEA",2017,44
107,"ted","ginn","WR","NO",2017,47
108,"tyler","eifert","TE","CIN",2017,9
109,"jordan","matthews","WR","BUF",2017,48
110,"jacquizz","rodgers","RB","TB",2017,45
111,"derek","carr","QB","OAK",2017,9
112,"corey","coleman","WR","CLE",2017,49
113,"jameis","winston","QB","TB",2017,10
114,"marcus","mariota","QB","TEN",2017,11
115,"corey","davis","WR","TEN",2017,50
116,"andrew","luck","QB","IND",2017,12
117,"kevin","white","WR","CHI",2017,51
118,"john","brown","WR","ARI",2017,52
119,"matthew","stafford","QB","DET",2017,13
120,"chris","thompson","RB","WAS",2017,46
121,"danny","amendola","WR","NE",2017,53
122,"derrick","henry","RB","TEN",2017,47
123,"rex","burkhead","RB","NE",2017,48
124,"martellus","bennett","TE","GB",2017,10
125,"marvin","jones","WR","DET",2017,54
126,"josh","doctson","WR","WAS",2017,55
127,"ben","roethlisberger","QB","PIT",2017,14
128,"jack","doyle","TE","IND",2017,11
129,"hunter","henry","TE","LAC",2017,12
132,"philip","rivers","QB","LAC",2017,15
136,"shane","vereen","RB","NYG",2017,49
137,"justin","tucker","K","BAL",2017,1
138,"latavius","murray","RB","MIN",2017,50
139,"matt","bryant","K","ATL",2017,2
140,"stephen","gostkowski","K","NE",2017,3
141,"jeremy","hill","RB","CIN",2017,51
142,"marqise","lee","WR","JAC",2017,56
143,"adam","vinatieri","K","IND",2017,4
144,"charles","sims","RB","TB",2017,52
145,"dan","bailey","K","DAL",2017,5
147,"charcandrick","west","RB","KC",2017,53
148,"sterling","shepard","WR","NYG",2017,57
150,"matt","prater","K","DET",2017,6
152,"alvin","kamara","RB","NO",2017,54
153,"darren","mcfadden","RB","DAL",2017,55
154,"kendall","wright","WR","CHI",2017,58
155,"eric","ebron","TE","DET",2017,13
156,"torrey","smith","WR","PHI",2017,59
157,"d'onta","foreman","RB","HOU",2017,56
158,"andy","dalton","QB","CIN",2017,16
159,"wendell","smallwood","RB","PHI",2017,57
160,"jason","witten","TE","DAL",2017,14
161,"dustin","hopkins","K","WAS",2017,7
162,"mason","crosby","K","GB",2017,8
163,"carson","wentz","QB","PHI",2017,17
164,"tyrod","taylor","QB","BUF",2017,18
165,"kenny","stills","WR","MIA",2017,60
168,"samaje","perine","RB","WAS",2017,58
169,"tyler","lockett","WR","SEA",2017,61
170,"cole","beasley","WR","DAL",2017,62
171,"jamaal","williams","RB","GB",2017,59
172,"austin","hooper","TE","ATL",2017,15
173,"cairo","santos","K","KC",2017,9
174,"cooper","kupp","WR","LAR",2017,63
175,"jamaal","charles","RB","DEN",2017,60
176,"deandre","washington","RB","OAK",2017,61
177,"jalen","richard","RB","OAK",2017,62
178,"robert","woods","WR","LAR",2017,64
180,"eli","manning","QB","NYG",2017,19
181,"dion","lewis","RB","NE",2017,63
182,"james","conner","RB","PIT",2017,64
183,"wil","lutz","K","NO",2017,10
184,"taylor","gabriel","WR","ATL",2017,65
185,"devontae","booker","RB","DEN",2017,65
186,"carson","palmer","QB","ARI",2017,20
187,"devin","funchess","WR","CAR",2017,66
188,"mohamed","sanu","WR","ATL",2017,67
189,"cameron","brate","TE","TB",2017,16
190,"chris","boswell","K","PIT",2017,11
191,"breshad","perriman","WR","BAL",2017,68
192,"julius","thomas","TE","MIA",2017,17
193,"j.j.","nelson","WR","ARI",2017,69
194,"curtis","samuel","WR","CAR",2017,70
195,"john","ross","WR","CIN",2017,71
196,"will","fuller","WR","HOU",2017,72
197,"paul","richardson","WR","SEA",2017,73
198,"de'angelo","henderson","RB","DEN",2017,66
200,"nelson","agholor","WR","PHI",2017,74
1,"todd","gurley","RB","LAR",2018,1
2,"david","johnson","RB","ARI",2018,2
3,"ezekiel","elliott","RB","DAL",2018,3
4,"alvin","kamara","RB","NO",2018,4
5,"antonio","brown","WR","PIT",2018,1
6,"saquon","barkley","RB","NYG",2018,5
7,"dalvin","cook","RB","MIN",2018,6
8,"melvin","gordon","RB","LAC",2018,7
9,"julio","jones","WR","ATL",2018,2
10,"deandre","hopkins","WR","HOU",2018,3
11,"odell","beckham","WR","NYG",2018,4
12,"keenan","allen","WR","LAC",2018,5
13,"michael","thomas","WR","NO",2018,6
14,"christian","mccaffrey","RB","CAR",2018,8
15,"kareem","hunt","RB","KC",2018,9
16,"leonard","fournette","RB","JAC",2018,10
17,"joe","mixon","RB","CIN",2018,11
18,"jordan","howard","RB","CHI",2018,12
19,"a.j.","green","WR","CIN",2018,7
20,"rob","gronkowski","TE","NE",2018,1
21,"davante","adams","WR","GB",2018,8
22,"tyreek","hill","WR","KC",2018,9
23,"travis","kelce","TE","KC",2018,2
24,"devonta","freeman","RB","ATL",2018,13
25,"lesean","mccoy","RB","BUF",2018,14
26,"mike","evans","WR","TB",2018,10
27,"kenyan","drake","RB","MIA",2018,15
28,"larry","fitzgerald","WR","ARI",2018,11
29,"t.y.","hilton","WR","IND",2018,12
30,"adam","thielen","WR","MIN",2018,13
31,"alex","collins","RB","BAL",2018,16
32,"zach","ertz","TE","PHI",2018,3
33,"stefon","diggs","WR","MIN",2018,14
34,"demaryius","thomas","WR","DEN",2018,15
35,"emmanuel","sanders","WR","DEN",2018,16
36,"allen","robinson","WR","CHI",2018,17
37,"amari","cooper","WR","OAK",2018,18
38,"jarvis","landry","WR","CLE",2018,19
39,"golden","tate","WR","DET",2018,20
40,"marvin","jones","WR","DET",2018,21
41,"brandin","cooks","WR","LAR",2018,22
42,"dion","lewis","RB","TEN",2018,17
43,"juju","smith-schuster","WR","PIT",2018,23
44,"josh","gordon","WR","CLE",2018,24
45,"jay","ajayi","RB","PHI",2018,18
46,"lamar","miller","RB","HOU",2018,19
47,"royce","freeman","RB","DEN",2018,20
48,"marshawn","lynch","RB","OAK",2018,21
49,"mark","ingram","RB","NO",2018,22
50,"rex","burkhead","RB","NE",2018,23
51,"le'veon","bell","RB","PIT",2018,24
52,"carlos","hyde","RB","CLE",2018,25
53,"robert","woods","WR","LAR",2018,25
54,"chris","hogan","WR","NE",2018,26
55,"michael","crabtree","WR","BAL",2018,27
56,"corey","davis","WR","TEN",2018,28
57,"devin","funchess","WR","CAR",2018,29
58,"aaron","rodgers","QB","GB",2018,1
59,"tom","brady","QB","NE",2018,2
60,"chris","thompson","RB","WAS",2018,26
61,"derrick","henry","RB","TEN",2018,27
62,"chris","carson","RB","SEA",2018,28
63,"peyton","barber","RB","TB",2018,29
64,"jordan","reed","TE","WAS",2018,4
65,"jimmy","graham","TE","GB",2018,5
66,"evan","engram","TE","NYG",2018,6
67,"cooper","kupp","WR","LAR",2018,30
68,"randall","cobb","WR","GB",2018,31
69,"doug","baldwin","WR","SEA",2018,32
70,"marquise","goodwin","WR","SF",2018,33
71,"sammy","watkins","WR","KC",2018,34
72,"nelson","agholor","WR","PHI",2018,35
73,"james","conner","RB","PIT",2018,30
74,"duke","johnson","RB","CLE",2018,31
75,"kyle","rudolph","TE","MIN",2018,7
76,"jamison","crowder","WR","WAS",2018,36
77,"julian","edelman","WR","NE",2018,37
78,"cam","newton","QB","CAR",2018,3
79,"russell","wilson","QB","SEA",2018,4
80,"andrew","luck","QB","IND",2018,5
81,"deshaun","watson","QB","HOU",2018,6
82,"sterling","shepard","WR","NYG",2018,38
83,"pierre","garcon","WR","SF",2018,39
84,"will","fuller","WR","HOU",2018,40
85,"tevin","coleman","RB","ATL",2018,32
86,"isaiah","crowell","RB","NYJ",2018,33
87,"tarik","cohen","RB","CHI",2018,34
88,"adrian","peterson","RB","WAS",2018,35
89,"matt","breida","RB","SF",2018,36
90,"jack","doyle","TE","IND",2018,8
91,"carson","wentz","QB","PHI",2018,7
92,"kenny","stills","WR","MIA",2018,41
93,"jordy","nelson","WR","OAK",2018,42
94,"kenny","golladay","WR","DET",2018,43
95,"robby","anderson","WR","NYJ",2018,44
96,"alfred","morris","RB","SF",2018,37
97,"jamaal","williams","RB","GB",2018,38
98,"kerryon","johnson","RB","DET",2018,39
99,"james","white","RB","NE",2018,40
100,"trey","burton","TE","CHI",2018,9
101,"quincy","enunwa","WR","NYJ",2018,45
102,"alshon","jeffery","WR","PHI",2018,46
103,"kelvin","benjamin","WR","BUF",2018,47
104,"tyler","lockett","WR","SEA",2018,48
105,"mohamed","sanu","WR","ATL",2018,49
106,"danny","amendola","WR","MIA",2018,50
107,"chris","godwin","WR","TB",2018,51
108,"geronimo","allison","WR","GB",2018,52
109,"ted","ginn","WR","NO",2018,53
110,"josh","doctson","WR","WAS",2018,54
111,"allen","hurns","WR","DAL",2018,55
112,"keelan","cole","WR","JAC",2018,56
113,"paul","richardson","WR","WAS",2018,57
114,"ryan","grant","WR","IND",2018,58
115,"devante","parker","WR","MIA",2018,59
116,"ben","roethlisberger","QB","PIT",2018,8
117,"kirk","cousins","QB","MIN",2018,9
118,"george","kittle","TE","SF",2018,10
119,"david","njoku","TE","CLE",2018,11
120,"benjamin","watson","TE","NO",2018,12
121,"bilal","powell","RB","NYJ",2018,41
122,"phillip","lindsay","RB","DEN",2018,42
123,"marlon","mack","RB","IND",2018,43
124,"rashaad","penny","RB","SEA",2018,44
125,"sony","michel","RB","NE",2018,45
126,"patrick","mahomes","QB","KC",2018,10
127,"matthew","stafford","QB","DET",2018,11
128,"drew","brees","QB","NO",2018,12
129,"john","ross","WR","CIN",2018,60
130,"desean","jackson","WR","TB",2018,61
131,"john","brown","WR","BAL",2018,62
132,"courtland","sutton","WR","DEN",2018,63
133,"philip","rivers","QB","LAC",2018,13
134,"alex","smith","QB","WAS",2018,14
135,"matt","ryan","QB","ATL",2018,15
136,"jimmy","garoppolo","QB","SF",2018,16
137,"donte","moncrief","WR","JAC",2018,64
138,"mike","williams","WR","LAC",2018,65
139,"michael","gallup","WR","DAL",2018,66
140,"rishard","matthews","WR","TEN",2018,67
141,"mike","wallace","WR","PHI",2018,68
142,"theo","riddick","RB","DET",2018,46
143,"ty","montgomery","RB","GB",2018,47
144,"javorius","allen","RB","BAL",2018,48
145,"austin","seferian-jenkins","TE","JAC",2018,13
146,"tyler","eifert","TE","CIN",2018,14
147,"aaron","jones","RB","GB",2018,49
148,"darren","sproles","RB","PHI",2018,50
149,"austin","ekeler","RB","LAC",2018,51
150,"tyrod","taylor","QB","CLE",2018,17
151,"jared","goff","QB","LAR",2018,18
152,"mitchell","trubisky","QB","CHI",2018,19
154,"jalen","richard","RB","OAK",2018,52
155,"nyheim","hines","RB","IND",2018,53
156,"jordan","wilkins","RB","IND",2018,54
157,"t.j.","yeldon","RB","JAC",2018,55
158,"dede","westbrook","WR","JAC",2018,69
159,"cole","beasley","WR","DAL",2018,70
160,"tyler","boyd","WR","CIN",2018,71
161,"jared","cook","TE","OAK",2018,15
162,"anthony","miller","WR","CHI",2018,72
163,"dak","prescott","QB","DAL",2018,20
164,"giovani","bernard","RB","CIN",2018,56
165,"latavius","murray","RB","MIN",2018,57
166,"taylor","gabriel","WR","CHI",2018,73
167,"calvin","ridley","WR","ATL",2018,74
168,"o.j.","howard","TE","TB",2018,16
169,"ricky","seals-jones","TE","ARI",2018,17
175,"greg","zuerlein","K","LAR",2018,1
176,"stephen","gostkowski","K","NE",2018,2
177,"justin","tucker","K","BAL",2018,3
184,"matt","bryant","K","ATL",2018,4
185,"wil","lutz","K","NO",2018,5
186,"chris","boswell","K","PIT",2018,6
187,"robbie","gould","K","SF",2018,7
188,"jake","elliott","K","PHI",2018,8
189,"matt","prater","K","DET",2018,9
190,"harrison","butker","K","KC",2018,10
191,"adam","vinatieri","K","IND",2018,11
192,"graham","gano","K","CAR",2018,12
193,"ronald","jones","RB","TB",2018,58
194,"doug","martin","RB","OAK",2018,59
195,"corey","clement","RB","PHI",2018,60
196,"vance","mcdonald","TE","PIT",2018,18
197,"austin","hooper","TE","ATL",2018,19
198,"antonio","gates","TE","LAC",2018,20
199,"devontae","booker","RB","DEN",2018,61
200,"c.j.","anderson","RB","CAR",2018,62
201,"chase","edmonds","RB","ARI",2018,63
202,"legarrette","blount","RB","DET",2018,64
203,"nick","chubb","RB","CLE",2018,65
204,"chris","ivory","RB","BUF",2018,66
205,"marcus","murphy","RB","BUF",2018,67
206,"frank","gore","RB","MIA",2018,68
207,"alfred","blue","RB","HOU",2018,69
208,"d'onta","foreman","RB","HOU",2018,70
209,"spencer","ware","RB","KC",2018,71
210,"charles","clay","TE","BUF",2018,21
211,"cameron","brate","TE","TB",2018,22
212,"marcus","mariota","QB","TEN",2018,21
213,"willie","snead","WR","BAL",2018,75
214,"tyrell","williams","WR","LAC",2018,76
215,"brandon","marshall","WR","SEA",2018,77
216,"phillip","dorsett","WR","NE",2018,78
217,"tajae","sharpe","WR","TEN",2018,79
218,"dj","moore","WR","CAR",2018,80
219,"andy","dalton","QB","CIN",2018,22
220,"ryan","tannehill","QB","MIA",2018,23
223,"ryan","succop","K","TEN",2018,13
224,"daniel","carlson","K","MIN",2018,14
225,"dante","pettis","WR","SF",2018,81
226,"james","washington","WR","PIT",2018,82
227,"christian","kirk","WR","ARI",2018,83
228,"albert","wilson","WR","MIA",2018,84
229,"chad","williams","WR","ARI",2018,85
230,"austin","carr","WR","NO",2018,86
231,"travis","benjamin","WR","LAC",2018,87
232,"d.j.","chark","WR","JAC",2018,88
233,"tre'quan","smith","WR","NO",2018,89
234,"cordarrelle","patterson","WR","NE",2018,90
235,"jacquizz","rodgers","RB","TB",2018,72
236,"kyle","juszczyk","RB","SF",2018,73
237,"wayne","gallman","RB","NYG",2018,74
238,"elijah","mcguire","RB","NYJ",2018,75
239,"jonathan","stewart","RB","NYG",2018,76
240,"rod","smith","RB","DAL",2018,77
241,"damien","williams","RB","KC",2018,78
242,"john","kelly","RB","LAR",2018,79
243,"case","keenum","QB","DEN",2018,24
244,"eli","manning","QB","NYG",2018,25
245,"derek","carr","QB","OAK",2018,26
246,"eric","ebron","TE","IND",2018,23
247,"ryan","griffin","TE","HOU",2018,24
248,"jonnu","smith","TE","TEN",2018,25
249,"ian","thomas","TE","CAR",2018,26
250,"corey","grant","RB","JAC",2018,80
251,"dez","bryant","WR","FA",2018,91
252,"marquez","valdes-scantling","WR","GB",2018,92
255,"mason","crosby","K","GB",2018,15
256,"josh","lambo","K","JAC",2018,16
257,"will","dissly","TE","SEA",2018,27
258,"hayden","hurst","TE","BAL",2018,28
259,"greg","olsen","TE","CAR",2018,29
260,"justin","hunter","WR","PIT",2018,93
261,"deonte","thompson","WR","DAL",2018,94
262,"adam","humphries","WR","TB",2018,95
263,"zay","jones","WR","BUF",2018,96
264,"t.j.","logan","RB","ARI",2018,81
265,"c.j.","prosise","RB","SEA",2018,82
266,"blake","bortles","QB","JAC",2018,27
267,"joe","flacco","QB","BAL",2018,28
268,"sam","darnold","QB","NYJ",2018,29
269,"jameis","winston","QB","TB",2018,30
270,"sam","bradford","QB","ARI",2018,31
271,"jermaine","kearse","WR","NYJ",2018,97
272,"jeremy","kerley","WR","BUF",2018,98
273,"laquon","treadwell","WR","MIN",2018,99
274,"trent","taylor","WR","SF",2018,100
275,"torrey","smith","WR","CAR",2018,101
276,"robert","turbin","RB","IND",2018,83
277,"ito","smith","RB","ATL",2018,84
278,"kenneth","dixon","RB","BAL",2018,85
279,"christine","michael","RB","IND",2018,86
280,"rob","kelley","RB","WAS",2018,87
281,"jaylen","samuels","RB","PIT",2018,88
282,"malcolm","brown","RB","LAR",2018,89
283,"trenton","cannon","RB","NYJ",2018,90
284,"chester","rogers","WR","IND",2018,102
287,"dustin","hopkins","K","WAS",2018,17
288,"chandler","catanzaro","K","TB",2018,18
289,"geoff","swaim","TE","DAL",2018,30
290,"mike","gesicki","TE","MIA",2018,31
291,"vernon","davis","TE","WAS",2018,32
292,"luke","willson","TE","DET",2018,33
293,"dallas","goedert","TE","PHI",2018,34
294,"seth","roberts","WR","OAK",2018,103
295,"jarius","wright","WR","CAR",2018,104
296,"josh","allen","QB","BUF",2018,32
